category,avg_time_ms,max_time_ms,avg_io,avg_hits
1/1000,0.003743,0.011475,3.04,4.99
1/10000,0.003511,0.012695,3.02,0.34
1/100000,0.003450,0.010742,3.02,0.03
1/1000000,0.003496,0.011230,3.04,0.00
